clip,event_type,who,true_start,true_end
Browse_WhileWaiting1,none,,,
Browse_WhileWaiting1,unscored,fall,,
Fight_Chase,sudden_run,1,14.68,17.04
Fight_Chase,sudden_run,2,14.68,16.64
Fight_Chase,unscored,fall,,
Fight_OneManDown,sudden_run,4,13.52,17.12
Fight_OneManDown,unscored,fall,,
Fight_RunAway1,sudden_run,7,14.92,17.44
Fight_RunAway1,sudden_run,6,15.4,19.56
Fight_RunAway1,unscored,fall,,
Meet_WalkTogether1,none,,,
Meet_WalkTogether1,unscored,fall,,
Rest_FallOnFloor,none,,,
Rest_FallOnFloor,unscored,fall,,
Rest_SlumpOnFloor,none,,,
Rest_SlumpOnFloor,unscored,fall,,
Walk1,none,,,
Walk1,unscored,fall,,
adl-01,none,,,
adl-02,none,,,
adl-03,none,,,
adl-04,none,,,
adl-05,none,,,
adl-06,none,,,
adl-07,none,,,
adl-08,none,,,
adl-09,none,,,
adl-10,none,,,
adl-11,none,,,
adl-12,none,,,
adl-13,none,,,
adl-14,none,,,
adl-15,none,,,
adl-16,none,,,
adl-17,none,,,
adl-18,none,,,
adl-19,none,,,
adl-20,none,,,
fall-01,fall,1,2.73,5.3
fall-02,fall,1,1.3,3.63
fall-03,fall,1,4.9,7.13
fall-04,fall,1,0.43,3.17
fall-05,fall,1,2.6,5.0
fall-06,fall,1,0.33,3.3
fall-07,fall,1,2.8,5.17
fall-08,fall,1,0.97,3.0
fall-09,fall,1,4.0,6.13
fall-10,fall,1,1.3,4.3
fall-11,fall,1,1.6,4.3
fall-12,fall,1,0.8,3.63
fall-13,fall,1,1.43,2.8
fall-14,fall,1,0.5,2.0
fall-15,fall,1,0.9,2.33
fall-16,fall,1,0.53,1.8
fall-17,fall,1,1.93,3.13
fall-18,fall,1,0.5,2.13
fall-19,fall,1,0.8,3.3
fall-20,fall,1,0.57,3.63
fall-21,fall,1,0.67,1.8
fall-22,fall,1,0.1,1.83
fall-23,fall,1,0.87,2.47
fall-24,fall,1,0.37,1.97
fall-25,fall,1,1.47,2.8
fall-26,fall,1,0.4,2.0
fall-27,fall,1,1.67,3.03
fall-28,fall,1,0.87,2.17
fall-29,fall,1,1.6,3.27
fall-30,fall,1,0.8,2.3
Crowd-Activity-All,sudden_run,crowd,17.5,20.47
Crowd-Activity-All,sudden_run,crowd,44.33,47.97
Crowd-Activity-All,sudden_run,crowd,60.2,66.17
Crowd-Activity-All,sudden_run,crowd,86.83,89.47
Crowd-Activity-All,sudden_run,crowd,107.3,114.27
Crowd-Activity-All,sudden_run,crowd,131.27,133.9
Crowd-Activity-All,sudden_run,crowd,160.23,164.27
Crowd-Activity-All,sudden_run,crowd,180.73,186.5
Crowd-Activity-All,sudden_run,crowd,206.5,207.8
Crowd-Activity-All,sudden_run,crowd,229.43,230.4
Crowd-Activity-All,sudden_run,crowd,256.67,257.3
